"Indiv1","Indiv2","G5rel"
"Seq20","Blank",0.910659290004949
"Seq18","Blank",0.90502637244154
"Seq12","Blank",1.67639826454047
