"Indiv1","Indiv2","G5rel","SelfRel1","SelfRel2"
"Seq20","Blank",0.910659290004949,1.23013693513627,2.93826574816052
"Seq18","Blank",0.90502637244154,1.37995146248005,2.93826574816052
"Seq12","Blank",1.67639826454047,1.56599226360661,2.93826574816052
